test,ece_15_platt,ece_15_temp,mce_15_platt,mce_15_temp,ece_50_platt,ece_50_temp,mce_50_platt,mce_50_temp,ece_15_interactive_platt,ece_15_interactive_temp,mce_15_interactive_platt,mce_15_interactive_temp,ece_50_interactive_platt,ece_50_interactive_temp,mce_50_interactive_platt,mce_50_interactive_temp,brier_platt,brier_temp
paired_t_test,1.238845752105281e-68,3.5266719398076062e-09,-1,-1,9.835380822701738e-70,4.329480429860483e-09,-1,-1,-1,2.9785155310379958e-09,3.514986996283609e-64,6.60059335779726e-17,1.215757054554173e-65,2.9785155310379958e-09,1.4515072494608283e-57,6.875102685656382e-17,2.0191851701939526e-58,8.917008293459023e-16
wilcox_test,-1,-1,3.552713678800501e-15,0.027545164283727885,-1,-1,1.7763568394002505e-15,0.27372721377670217,1.7763568394002505e-15,-1,-1,-1,-1,-1,-1,-1,-1,-1
p_values for normality_cal,0.18308764694993276,0.7691159485055069,0.015956534997985085,8.059195910579183e-12,0.6428798047494599,0.7720033753663298,0.8084370039143286,0.00016081599713133185,0.04038203782698388,0.7691159485055069,0.5596171409526532,0.420387723146864,0.0906418063115048,0.7691159485055069,0.5263578530253361,0.8439244885048622,0.2312502870671923,0.38979956822163897
p_values for normality_uncal,0.7453051250245484,0.7453051250245484,0.009881712016851152,0.009881712016851152,0.7375604851727587,0.7375604851727587,0.025864534600270786,0.025864534600270786,0.7426814590567594,0.7426814590567594,0.8662001718190916,0.8662001718190916,0.7426814590567594,0.7426814590567594,0.7768521221329421,0.7768521221329421,0.504948076376811,0.504948076376811
