test,ECE_15_platt,ECE_15_temp,ECE_interactive_15_platt,ECE_interactive_15_temp,ECE_50_platt,ECE_50_temp,ECE_interactive_50_platt,ECE_interactive_50_temp,MCE_15_platt,MCE_15_temp,MCE_interactive_15_platt,MCE_interactive_15_temp,MCE_50_platt,MCE_50_temp,MCE_interactive_50_platt,MCE_interactive_50_temp,brier_platt,brier_temp
paired_t_test,-1,-1,-1,-1,-1,-1,-1,-1,-1,-1,-1,-1,-1,-1,-1,-1,-1,-1
wilcox_test,0.6476554870605469,0.5958194732666016,0.5958194732666016,0.5458755493164062,0.7841262817382812,0.34881019592285156,0.6742229461669922,0.5458755493164062,0.03276824951171875,0.8983173370361328,0.5458755493164062,0.039989471435546875,0.6215133666992188,0.8123550415039062,0.7841262817382812,0.5705966949462891,0.9854354858398438,0.49800872802734375
p_values for normality_cal,0.9086,0.2116,0.9224,0.2656,0.99,0.335,0.8834,0.2784,0.9718,0.5728,0.2832,0.0352,0.1366,0.1268,0.296,0.4222,0.5898,0.6204
p_values for normality_uncal,0.0146,0.0132,0.0002,0.0002,0.0134,0.0112,0.014,0.0108,0.017,0.011,0.0116,0.013,0.012,0.011,0.0118,0.013,0.0126,0.0122
