test,ece_15_platt,ece_15_temp,mce_15_platt,mce_15_temp,ece_50_platt,ece_50_temp,mce_50_platt,mce_50_temp,ece_15_interactive_platt,ece_15_interactive_temp,mce_15_interactive_platt,mce_15_interactive_temp,ece_50_interactive_platt,ece_50_interactive_temp,mce_50_interactive_platt,mce_50_interactive_temp,brier_platt,brier_temp
paired_t_test,2.7849655146044e-41,2.852613383835109e-21,-1,-1,2.514446732871415e-41,2.8912605701153264e-21,-1,-1,3.928376527416788e-41,2.9111236819428557e-21,8.03735406783493e-39,-1,3.065596635479143e-41,2.9111236819428557e-21,2.7794520682079696e-33,6.316272014050881e-21,3.212741193252149e-35,9.200359023649523e-06
wilcox_test,-1,-1,1.862645149230957e-09,7.910653948783875e-05,-1,-1,1.862645149230957e-09,0.0012321043759584427,-1,-1,-1,1.862645149230957e-09,-1,-1,-1,-1,-1,-1
p_values for normality_cal,0.2924,0.392,0.0352,0.0002,0.6678,0.39,0.0194,0.0316,0.1468,0.3792,0.5876,0.0338,0.7018,0.4002,0.6304,0.2178,0.697,0.3388
p_values for normality_uncal,0.3394,0.354,0.0002,0.0002,0.34,0.356,0.019,0.0164,0.3574,0.355,0.2102,0.1916,0.3368,0.3496,0.6724,0.6522,0.3582,0.3556
