test,ECE_15_platt,ECE_15_temp,ECE_interactive_15_platt,ECE_interactive_15_temp,ECE_50_platt,ECE_50_temp,ECE_interactive_50_platt,ECE_interactive_50_temp,MCE_15_platt,MCE_15_temp,MCE_interactive_15_platt,MCE_interactive_15_temp,MCE_50_platt,MCE_50_temp,MCE_interactive_50_platt,MCE_interactive_50_temp,brier_platt,brier_temp
paired_t_test,-1,-1,-1,0.06143717776781719,-1,0.3216868573045733,0.00013097165174778068,0.11412359593663833,-1,-1,-1,-1,-1,-1,-1,-1,0.25247739595545615,0.6464592411096265
wilcox_test,1.4159994060136244e-05,0.02571618436372979,2.4237112194830993e-05,-1,0.0011768489947214897,-1,-1,-1,0.3823133272184409,0.6211868846214507,0.0035155398894835556,0.7566193396992391,0.8385344718097014,0.8261588322420701,6.40751653898584e-05,0.3750445937724619,-1,-1
p_values for normality_cal,0.007795742105687505,0.0016920989674988778,0.01625585713955732,0.4019626228096712,0.002612844651777434,0.275833234159623,0.43206717382718896,0.36500406235021027,0.00031704440335499496,0.00028689462629880876,3.989190757216029e-17,0.12951905665592647,7.883399045406409e-10,4.5798917654204766e-10,8.058420470200127e-09,0.010284420158017603,0.11917312624634682,0.4167133026853278
p_values for normality_uncal,0.22500516201479862,0.22500516201479862,0.5680452166650953,0.5680452166650953,0.08583091769447311,0.08583091769447311,0.8061061900312687,0.8061061900312687,0.003909148653878602,0.003909148653878602,0.0018851918626946321,0.0018851918626946321,1.83421175999061e-11,1.83421175999061e-11,2.3385888444463518e-08,2.3385888444463518e-08,0.9396583718274238,0.9396583718274238
