test,ece_15_platt,ece_15_temp,mce_15_platt,mce_15_temp,ece_50_platt,ece_50_temp,mce_50_platt,mce_50_temp,ece_15_interactive_platt,ece_15_interactive_temp,mce_15_interactive_platt,mce_15_interactive_temp,ece_50_interactive_platt,ece_50_interactive_temp,mce_50_interactive_platt,mce_50_interactive_temp,brier_platt,brier_temp
paired_t_test,3.402592473309607e-37,2.021645194317426e-21,-1,-1,1.1779736984293385e-36,2.0477067661487196e-21,-1,-1,1.8301605557188772e-36,2.1360328678905837e-21,6.9628500221118385e-37,2.0838997264426434e-18,2.2245156800375104e-36,2.1360328678905837e-21,8.332641329214958e-34,8.860268714004413e-22,1.1915176548098356e-29,8.221737359277693e-07
wilcox_test,-1,-1,3.725290298461914e-09,0.001718590036034584,-1,-1,5.587935447692871e-09,0.044907208532094955,-1,-1,-1,-1,-1,-1,-1,-1,-1,-1
p_values for normality_cal,0.386,0.7152,0.02,0.0002,0.2024,0.723,0.0212,0.033,0.1996,0.72,0.062,0.633,0.4084,0.7426,0.688,0.8008,0.1158,0.9588
p_values for normality_uncal,0.6448,0.6564,0.0006,0.0002,0.6634,0.6684,0.0024,0.0024,0.6588,0.6584,0.6832,0.6838,0.6648,0.6658,0.4934,0.4894,0.9702,0.9596
