test,ece_15_platt,ece_15_temp,mce_15_platt,mce_15_temp,ece_50_platt,ece_50_temp,mce_50_platt,mce_50_temp,ece_15_interactive_platt,ece_15_interactive_temp,mce_15_interactive_platt,mce_15_interactive_temp,ece_50_interactive_platt,ece_50_interactive_temp,mce_50_interactive_platt,mce_50_interactive_temp,brier_platt,brier_temp
paired_t_test,2.0683146299778588e-62,3.3501638002484e-09,-1,-1,-1,4.0839133680929957e-10,-1,-1,3.935680937255664e-61,1.0872200023518805e-09,1.3080774328759943e-57,3.9459300355516526e-15,1.2239884671412258e-59,1.2635111089340308e-09,4.636717708580592e-49,3.08781642227925e-16,3.601275462085939e-51,7.217352755299277e-16
wilcox_test,-1,-1,1.2434497875801753e-13,5.215646012857178e-07,1.7763568394002505e-15,-1,4.440892098500626e-14,0.020120643634562896,-1,-1,-1,-1,-1,-1,-1,-1,-1,-1
p_values for normality_cal,0.5680963313695753,0.9939516027059798,3.908726968242112e-06,0.32032294961209906,0.012976707186383071,0.9969832944908946,2.1320919080545624e-07,0.16110678747014948,0.31279692431078937,0.9935185589018287,0.3072314731409545,0.0712456706550589,0.6929637248464524,0.9935185589018287,0.08434736658855471,0.602459098964885,0.7510413355601251,0.1955236365715101
p_values for normality_uncal,0.9686584355319129,0.9686584355319129,2.6880429099615685e-08,2.6880429099615685e-08,0.9748120485511856,0.9748120485511856,0.009203827305505348,0.009203827305505348,0.9747039191953643,0.9747039191953643,0.7419120014999553,0.7419120014999553,0.9739547464767728,0.9739547464767728,0.3380910653682759,0.3380910653682759,0.5614742494675784,0.5614742494675784
